id,f_name,l_name,email,phone
1,Robin,Williams,courtney89@martin.com,001-811-689-0896
2,Sandra,Greene,millerjames@yahoo.com,453-534-1107
3,Ariel,Taylor,iriggs@gmail.com,(189)512-5401
4,Zachary,Cortez,angelafry@gmail.com,+1-674-427-1655
5,Tara,Washington,donnalong@yahoo.com,387-959-1092
6,Shannon,Chapman,amanda22@watson.biz,+1-422-679-8712
7,Eduardo,Williams,jamesbryant@perkins.com,+1-340-987-9738x28704
8,Darren,Rivera,thomasmercer@hernandez-miller.org,+1-007-985-2289
9,William,Hale,zparrish@yahoo.com,(413)680-5935
10,James,Bean,gbutler@blanchard.com,996-049-6485x9681
11,Emily,Weeks,jessica03@hotmail.com,048-814-5907x197
12,Mary,Ali,jason81@gmail.com,317.057.4799
13,Michael,Henderson,aaronlawrence@lang.com,0694198019
14,Randy,Santiago,luke21@mcbride.info,8558325542
15,Kayla,Murphy,williamfox@gonzales.com,001-953-445-7544x8023
16,Brian,Nguyen,ymoreno@hotmail.com,001-921-494-8151
17,Caitlyn,Thompson,jason46@moreno.com,879-572-2543
18,Eric,Gregory,beth73@huerta.net,(295)106-4309
19,Mary,Rose,gary39@yahoo.com,018-694-2099x54197
20,Mary,Lopez,nicholasprice@yahoo.com,001-002-773-7028x675
21,Patrick,Nelson,sierragarcia@thompson.com,001-667-094-9437x2950
22,Cindy,Sanders,michaeldixon@hotmail.com,+1-744-356-8172x898
23,Timothy,Allen,christensenreginald@hotmail.com,(987)027-1036x222
24,Mackenzie,Brown,dana41@gonzales-carter.info,+1-818-762-4697x7680
25,Andrew,Briggs,wyattjennifer@yahoo.com,115.584.9782
26,Gregory,Smith,jschroeder@hotmail.com,+1-468-869-7922x28829
27,Lisa,Smith,patriciaballard@hotmail.com,662-605-5846
28,Joshua,Myers,thompsonjeremy@lewis.org,032-251-5177
29,Andrea,Carroll,david46@bates.com,397.633.9992x882
30,Elijah,Bonilla,calderonsean@spence.net,496-473-3903x44050
31,Malik,Griffith,theresagreen@levine.com,9785002944
32,Lacey,Walls,umorris@jones-thompson.com,4917508548
33,William,Schmidt,ashleychavez@moore.biz,398-163-7026x3354
34,Michele,Banks,lowerymallory@gmail.com,(939)025-8991
35,Kimberly,Carson,crosbygregory@martin.com,001-934-686-2229x82386
36,Cody,Villanueva,lrodriguez@murray.com,(020)587-2240x470
37,Charles,Donovan,yzavala@morgan.com,001-099-517-0968x9469
38,Deborah,Richardson,rwiggins@yahoo.com,+1-280-866-5614
39,Kelly,Erickson,solomonanthony@yahoo.com,6666611063
40,Ryan,Bass,wilsonkelsey@hotmail.com,601-003-1259x3521
41,Anna,Young,gmartin@hotmail.com,396-129-1987
42,Tammy,Holmes,cheryl10@andersen.com,(551)280-6904x249
43,Monica,Hill,orozcosean@hotmail.com,001-408-883-4179
44,Mary,Banks,aanderson@gmail.com,891-869-7574
45,Dennis,Marshall,brookschristopher@davis.com,722.523.1249x832
46,Michael,Mitchell,mli@yahoo.com,159-215-2068x88311
47,Michael,Smith,bbaker@hansen.com,(175)976-0928x6997
48,John,Mcclain,ortizryan@campbell-stone.info,206.235.7266x0543
49,Rhonda,Jones,cristina09@hotmail.com,(547)624-7442x59267
50,Phillip,Pitts,jessica78@hotmail.com,730-550-7024x02075
51,Brittney,Rollins,molson@hotmail.com,+1-241-384-2553x843
52,Ashley,Edwards,davidthomas@gonzalez.com,410-762-4346
53,Xavier,Hart,anthonytucker@gmail.com,(581)522-5713
54,Mark,Castro,jonescindy@glover-griffin.com,8997189739
55,Scott,Franco,lmoss@wong-alexander.com,(824)961-0525x23004
56,Keith,Griffin,donald82@yahoo.com,175.770.4162x141
57,Theresa,Sanders,holmesteresa@gmail.com,+1-755-099-0697x61268
58,Daniel,Ayers,rogersalec@yahoo.com,+1-260-479-6194x22872
59,Sharon,Riley,pclark@hotmail.com,001-426-009-0703x31539
60,Paul,Salazar,andersonamanda@diaz.com,+1-865-998-4109x5871
61,Travis,Ball,cowanmichael@yahoo.com,8612889706
62,Adam,Mitchell,jacksonchristian@hudson-wright.com,001-353-935-4892
63,Duane,Smith,oliverpatrick@phillips.com,0224515045
64,Chelsea,Carter,palmersherry@turner-henry.com,512.904.4423
65,Jasmine,Jones,amy35@hotmail.com,(171)814-6014
66,Donna,Olson,millersandy@rogers-alexander.com,(499)395-1583x4220
67,Lindsay,Ritter,townsendanthony@yahoo.com,3954404705
68,Lawrence,Sparks,royzhang@ayers.info,(387)564-9312x91752
69,Deborah,Sanders,nsparks@gmail.com,8678511580
70,Kelly,Mccarty,amber52@miller-erickson.com,834.156.6050x375
71,Joseph,Brown,carlos36@lewis-rice.com,854-716-7790x51227
72,Janet,Peterson,bhuffman@phillips.org,+1-606-521-0993
73,Thomas,Wilson,ugonzales@oneill.com,(737)195-3247x6243
74,Courtney,Johnson,narnold@orr.com,+1-715-048-4163x1178
75,Melissa,Cooper,andrew46@gmail.com,548.726.8888x3428
76,Theresa,Myers,corey91@gmail.com,(012)171-0705x6123
77,Shannon,Long,jeremymoody@hotmail.com,(535)191-2695x27145
78,Steven,Hall,robert41@hotmail.com,+1-580-270-6483x286
79,Cynthia,Fox,xguerrero@hotmail.com,546-210-5332x883
80,Jose,Franklin,juliewhite@williams-reed.org,708.945.4121x58105
81,Alex,Howell,matthewmartin@gmail.com,(024)843-7691x6630
82,Robert,Carroll,lori01@garcia-arnold.com,(135)289-6709x45957
83,Sandra,Wagner,chad24@gonzalez-davenport.com,+1-423-552-4904x5486
84,Monique,Mcgee,timothyclark@moore-diaz.com,001-675-496-3652
85,Gerald,Rivera,nduke@vargas.com,+1-776-223-0474
86,Misty,Wilson,kleinnicholas@gmail.com,9432793817
87,Tammy,Russell,dickersonandrea@doyle.org,+1-168-671-9396x86507
88,Leon,Reyes,christopher90@griffith-page.info,1293876135
89,Wayne,Williams,ybautista@yahoo.com,001-792-881-7426x9051
90,Robert,Carroll,ellenharvey@yahoo.com,(866)594-6117
91,Brittany,Smith,hbennett@hotmail.com,490.730.0481x588
92,Charles,Snyder,myersthomas@hotmail.com,+1-064-006-7513x145
93,Valerie,Simmons,david34@fernandez-alvarado.com,381-598-9528
94,Anthony,Rivera,tracypeterson@moore.org,+1-461-176-4971x112
95,Katherine,Espinoza,logan85@yahoo.com,202.619.2708
96,Debra,Kirby,andersonmike@stewart.com,603.819.9017x81245
97,Cody,Martin,christophercline@hotmail.com,001-669-877-9237
98,Kathryn,Wall,jonathan44@mendoza.com,429-649-1520x127
99,Rhonda,Carroll,xmorris@hotmail.com,343.590.0676
100,Nicholas,Crawford,uharris@mercado.org,549.726.6921
101,Yolanda,Ruiz,aaronowens@gmail.com,(073)270-6538
102,Christopher,Ball,darren42@yahoo.com,001-342-640-8817x304
103,John,Douglas,guerrasandra@gmail.com,001-355-756-9344x606
104,Jacob,Richards,hbailey@hotmail.com,731-598-4651x41978
105,Kathy,Lopez,thomasrhonda@gmail.com,5601290858
106,Austin,Woods,davisjessica@hotmail.com,848.420.1971x5424
107,Ann,Richardson,parkercory@hotmail.com,(190)925-1927x90239
108,Elizabeth,Dunn,katie80@thomas-mccarty.com,261-536-4141
109,Thomas,Daniels,nsmith@gmail.com,(007)259-0732x48391
110,Mark,Weber,gregorychaney@gmail.com,539.582.5627x186
111,Jesse,Santiago,emendez@nash.org,+1-654-535-2690x61798
112,Ronnie,Mcguire,matthew28@smith-white.com,068.923.1306x025
113,Lisa,Jackson,stephen31@marshall-chase.com,(631)060-7547
114,Mark,Farmer,davidaguirre@gmail.com,365-332-8369x030
115,Kim,Johnson,ruizcaitlin@serrano.org,(192)471-3073x269
116,Alicia,Turner,kimberly29@yahoo.com,459.669.3346
117,Tammy,Holmes,derrick87@murphy.info,7833412107
118,Michael,Bell,rhodesholly@yahoo.com,783.688.6710
119,Leslie,Kim,browntamara@santiago.info,(398)682-6750
120,Regina,King,kennedyshaun@gmail.com,(190)340-8486
121,Charles,Campbell,williamsdustin@yahoo.com,(716)132-5953
122,Renee,Miller,azimmerman@yahoo.com,001-639-410-3676x961
123,Timothy,Norris,daniel55@hicks.org,141.816.1145x16981
124,Jeffery,Cruz,carlfisher@brown-montgomery.com,040-084-6825x67896
125,Ronnie,Brown,richard24@yahoo.com,(690)223-5164x9847
126,Steven,Briggs,williammorgan@yahoo.com,(129)994-6493
127,Leslie,Davis,stevenbowman@yahoo.com,+1-944-841-2093
128,Jodi,Rasmussen,butlerjeffrey@mcdowell.org,342-187-7627x90199
129,Erin,Reyes,emilyturner@steele.info,156-363-6334x9889
130,Ann,Harris,keith46@palmer-crane.biz,(974)479-1329
131,Yesenia,Phillips,catherinesmith@yahoo.com,241-094-6214
132,Matthew,Miller,acruz@matthews-smith.com,809.897.8962x4293
133,Paula,Gonzalez,thoover@sutton-gomez.com,395.719.6386x45135
134,Elizabeth,Cross,brownpamela@hotmail.com,001-830-878-5023x27446
135,Alexander,Wall,garciacurtis@yahoo.com,771.813.5537
136,Erica,Wade,kimmartin@hotmail.com,033-926-0779x930
137,David,Kelly,sjohnson@west.com,001-301-549-4901x7779
138,Marcus,Andrews,matthewssarah@wilson-carter.com,+1-501-630-5265x91886
139,Christopher,Aguilar,erocha@hotmail.com,+1-074-063-4485x32843
140,Joseph,Cameron,kaitlyn86@terrell.com,+1-440-939-1636x68583
141,Cindy,Robles,williamdominguez@gmail.com,807-165-4961x8019
142,Mary,Acosta,edwardssteven@yahoo.com,507.390.6931
143,Samuel,Jones,friedmanronald@conner.info,(576)143-4224
144,John,Hill,wrightjoe@gmail.com,232-161-4408x4717
145,Cassandra,Clayton,piercemichelle@gmail.com,118-499-0482x05791
146,Kyle,Meyer,diana82@romero.org,877.836.3480x881
147,Lawrence,Vang,kbrennan@marshall-rollins.com,617.890.9503x3637
148,William,Kent,gregoryhiggins@gmail.com,(457)890-1069
149,Carrie,Novak,jessica86@gmail.com,+1-205-065-5052x6880
150,Michael,Murphy,ethompson@ballard.com,(351)553-9202x11906
151,William,Trujillo,fmills@brown-mcdaniel.org,065-906-6653x992
152,Sean,Ray,beardmichael@kelly.com,+1-879-200-3723x5220
153,Bethany,Cantu,brian22@yahoo.com,074-081-0288
154,Ashley,Burch,courtney09@hotmail.com,(466)673-5292x4766
155,Sarah,Cook,ojimenez@gmail.com,(903)378-8784x48243
156,Isabel,Sanchez,jedwards@jackson.com,+1-912-818-9835x2503
157,Savannah,Rodgers,huntsarah@gmail.com,001-718-611-5956x5198
158,Alexis,Ramirez,wrighttami@gmail.com,767.683.6252
159,Theodore,Key,april16@gmail.com,6897343649
160,Edward,Scott,emily95@brooks.com,001-809-429-2832x787
161,Brenda,Anderson,franklinpamela@yahoo.com,180-770-4207x625
162,Patrick,Collins,douglas71@yahoo.com,1731164971
163,Justin,Williams,maynardhenry@torres-benson.com,240.729.6612
164,Crystal,Jones,xlopez@hotmail.com,+1-376-867-5779
165,Jennifer,Cruz,panderson@hudson.biz,001-821-428-9344x7704
166,Rodney,Lynch,leah50@gmail.com,899-934-4305
167,Eric,Dorsey,davislaura@gmail.com,114-458-5158x512
168,Joel,Cervantes,kennethjohnson@gmail.com,+1-651-070-6370x505
169,Stacy,Barnes,djackson@ewing-sullivan.com,007-479-5671
170,Jessica,Lamb,meganbautista@reynolds.net,8197626833
171,Timothy,Carr,justinprince@fisher-hodges.com,001-085-494-0093x91244
172,Rachel,Wagner,fisherjesse@thomas.com,279-809-1962x46543
173,Courtney,Rodriguez,olsonjake@yahoo.com,196-404-0204
174,Jessica,Williams,john87@davila.com,(579)801-9374x705
175,Allison,Doyle,kristen25@yahoo.com,+1-332-836-3240
176,Jessica,Irwin,jessicagoodwin@gmail.com,(057)814-3109
177,Allison,Porter,wavery@nelson.com,(276)022-7317x8852
178,Julie,Bradshaw,maryjones@collins.net,001-560-986-8901x402
179,Courtney,Lozano,dgolden@vega.net,+1-467-492-8285x29192
180,Lisa,Mcgee,shepardjessica@gmail.com,616-833-8382x5053
